Id,Job,Gender
3427,Accounting,Female
3428,Labor,Male
3429,Assistant,Male
3430,Clerk,Male
3431,Laborer,Female
3432,Driver,Male
3433,Technician,Female
3434,Engineer,Female
3435,Executive Assistant,Male
3436,Engineer,Male
3437,Technician,Female
3438,Technician,Female
3439,Splicer,Male
3440,Controller,Female
3441,Lineman,Male
3442,Laborer,Male
3443,Coordinator,Male
3444,Director,Male
3445,Supervisor,Female
3446,Driller,Female
3447,Technician,Female
3448,Specialist,Male
3449,Technician,Male
3450,Operator,Male
3451,Technician,Male
3452,Foreman,Male
3453,Engineer,Male
3454,Foreman,Male
3455,Manager,Male
3456,Technician,Female
3457,Technician,Female
3458,Laborer,Female
3459,Splicer,Male
3460,Lineman,Male
3461,Foreman,Male
3462,Coordinator,Male
3463,Tower Hand,Male
3464,Mechanic,Male
3465,Flagger,Male
3466,Supervisor,Male
3467,Engineer,Female
3468,Foreman,Female
3469,Driver,Female
3470,Technician,Female
3471,Foreman,Male
3472,Director,Male
3473,Manager,Male
3474,Laborer,Male
3475,Foreman,Male
3476,Engineer,Male
3477,Laborer,Female
3478,Groundman,Female
3479,Technician,Female
3480,Supervisor,Female
3481,Splicer,Male
3482,Lineman,Male
3483,Coordinator,Male
3484,Model Assistant,Male
3485,Laborer,Male
3486,Engineer,Male
3487,Administrator,Female
3488,Lineman,Female
3489,Laborer,Female
3490,Director,Female
3491,Driver,Male
3492,Clerk,Male
3493,Project Manager,Male
3494,Technician,Male
3495,Laborer,Male
3496,Administrator,Male
3497,Lineman,Female
3498,Laborer,Female
3499,Technician,Female
3500,Mechanic,Female
3501,Technician,Male
3502,Electrician,Male
3503,Manager,Male
3504,Laborer,Male
3505,Groundman,Male
3506,Technician,Male
3507,Manager,Male
3508,Laborer,Male
3509,Project Controls,Female
3510,Laborer,Female
3511,Director,Female
3512,Coordinator,Female
3513,Laborer,Male
3514,Manager,Male
3515,Controller,Male
3516,Coordinator,Male
3517,Splicer,Male
3518,Coordinator,Female
3519,Groundman,Male
3520,Manager,Female
3521,Electrician,Female
3522,Splicer,Female
3523,Laborer,Female
3524,Laborer,Male
3525,Foreman,Male
3526,Foreman,Male
3527,Lineman,Male
3528,Accounting,Male
3529,Top Hand,Male
3530,Tower Hand,Female
3531,Project Manager,Male
3532,Technician,Female
3533,Administrator,Male
3534,Engineer,Female
3535,Engineer,Female
3536,Administrative,Female
3537,Foreman,Male
3538,Engineer,Male
3539,Foreman,Male
3540,Supervisor,Male
3541,Technician,Male
3542,Manager,Male
3543,Laborer,Female
3544,Foreman,Male
3545,Locator,Female
3546,Foreman,Male
3547,Supervisor,Female
3548,Technician,Female
3549,Technician,Female
3550,Billing,Male
3551,Engineer,Male
3552,Foreman,Male
3553,Foreman,Male
3554,Cpo,Male
3555,Drafter,Female
3556,Vp,Male
3557,Operator,Male
3558,Manager,Female
3559,Assistant,Male
3560,Technician,Female
3561,Technician,Female
3562,Manager,Female
3563,Driver,Male
3564,Lineman,Female
3565,Lineman,Male
3566,Lineman,Male
3567,Technician,Male
3568,Foreman,Male
3569,Supervisor,Female
3570,Engineer,Female
3571,Engineer,Female
3572,Engineer,Male
3573,Driller,Female
3574,Laborer,Female
3575,Groundman,Male
3576,Project Manager,Female
3577,Tower Hand,Male
3578,Technician,Male
3579,Laborer,Female
3580,Foreman,Male
3581,Foreman,Male
3582,Laborer,Male
3583,Construction Manager,Female
3584,Lineman,Female
3585,Laborer,Female
3586,Manager,Female
3587,Administrative,Male
3588,Mechanic,Male
3589,Laborer,Male
3590,Laborer,Male
3591,Supervisor,Female
3592,Technician,Male
3593,Foreman,Male
3594,Technician,Male
3595,Technician,Male
3596,Technician,Male
3597,Foreman,Female
3598,Supervisor,Female
3599,Technician,Female
3600,Technician,Female
3601,Billing,Female
3602,Engineer,Female
3603,Technician,Female
3604,Foreman,Female
3605,Technician,Male
3606,Engineer,Male
3607,Coordinator,Male
3608,Technician,Male
3609,Welder,Female
3610,Laborer,Female
3611,Technician,Female
3612,Technician,Male
3613,Laborer,Male
3614,Field Project Manager,Male
3615,Manager,Male
3616,Laborer,Female
3617,Splicer,Female
3618,Splicer,Male
3619,Technician,Male
3620,Specialist,Male
3621,Laborer,Male
3622,Laborer,Female
3623,Engineer,Female
3624,Engineer,Female
3625,Engineer,Female
3626,Foreman,Female
3627,Supervisor,Female
3628,Technician,Female
3629,Laborer,Male
3630,Laborer,Male
3631,Apprentice,Male
3632,Foreman,Male
3633,Laborer,Female
3634,Supervisor,Female
3635,Runner,Female
3636,Supervisor,Male
3637,Engineer,Male
3638,Inspector,Male
3639,Runner,Female
3640,Foreman,Female
3641,Operator,Male
3642,Laborer,Male
3643,Laborer,Male
3644,Laborer,Male
3645,Technician,Male
3646,Splicer,Female
3647,Engineer,Female
3648,Lineman,Female
3649,Technician,Female
3650,Laborer,Female
3651,Lineman,Female
3652,Supervisor,Male
3653,Foreman,Male
3654,Lineman,Male
3655,Engineer,Male
3656,Laborer,Male
3657,Flagger,Female
3658,Technician,Female
3659,Engineer,Male
3660,Supervisor,Male
3661,Vp,Male
3662,Laborer,Male
3663,Foreman,Female
3664,Locator,Female
3665,Field Technician,Male
3666,Laborer,Male
3667,Technician,Male
3668,Operator,Male
3669,Clerk,Male
3670,Engineer,Female
3671,Splicer,Female
3672,Foreman,Female
3673,Manager,Female
3674,Engineer,Female
3675,Technician,Female
3676,Associate,Male
3677,Supervisor,Male
3678,Drafter,Male
3679,Engineer,Male
3680,Operator,Female
3681,Project Manager,Female
3682,Technician,Female
3683,Administration,Male
3684,Technician,Male
3685,Coordinator,Male
3686,Director,Male
3687,Supervisor,Female
3688,Manager,Female
3689,Laborer,Male
3690,Laborer,Male
3691,Manager,Male
3692,Lineman,Male
3693,Field Project Manager,Female
3694,Specialist,Female
3695,Laborer,Female
3696,Foreman,Female
3697,Technician,Female
3698,Foreman,Female
3699,Engineer,Male
3700,Supervisor,Male
3701,Mechanic,Male
3702,Foreman,Male
3703,Engineer,Female
3704,Associate,Female
3705,Vp,Female
3706,Laborer,Male
3707,Manager,Male
3708,Engineer,Male
3709,Splicer,Male
3710,Foreman,Female
3711,Administrative,Female
3712,Technician,Male
3713,Administrator,Male
3714,Laborer,Male
3715,Coordinator,Male
3716,Laborer,Female
3717,Specialist,Female
3718,Driver,Female
3719,Laborer,Female
3720,Laborer,Female
3721,Engineer,Male
3722,Laborer,Male
3723,Laborer,Male
3724,Laborer,Male
3725,Lineman,Male
3726,Lineman,Female
3727,Supervisor,Female
3728,Laborer,Male
3729,Supervisor,Male
3730,Engineer,Male
3731,Engineer,Male
3732,Technician,Male
3733,Driver,Female
3734,Engineer,Male
3735,Project Manager,Male
3736,Laborer,Male
3737,Director,Male
3738,Lineman,Female
3739,Tower Hand,Female
3740,Intern,Female
3741,Engineer,Female
3742,Manager,Female
3743,Locator,Male
3744,Lineman,Female
3745,Technician,Male
3746,Mechanic,Male
3747,Technician,Male
3748,Laborer,Male
3749,Planner,Female
3750,Engineer,Male
3751,Model Assistant,Male
3752,Engineer,Male
3753,Planner,Male
3754,Engineer,Male
3755,Manager,Female
3756,Driller,Female
3757,Lineman,Male
3758,Engineer,Male
3759,Laborer,Male
3760,Technician,Male
3761,Assistant,Female
3762,Engineer,Female
3763,Clerk,Female
3764,Manager,Female
3765,Runner,Female
3766,Manager,Female
3767,Laborer,Female
3768,Foreman,Female
3769,Engineer,Male
3770,Lineman,Male
3771,Foreman,Male
3772,Engineer,Female
3773,Engineer,Female
3774,Engineer,Male
3775,Laborer,Male
3776,Administrative,Male
3777,Lineman,Male
3778,Groundman,Male
3779,Technician,Female
3780,Technician,Female
3781,Laborer,Male
3782,Driver,Male
3783,Engineer,Male
3784,Supervisor,Female
3785,Director,Female
3786,Technician,Female
3787,Supervisor,Female
3788,Foreman,Female
3789,Foreman,Female
3790,Laborer,Female
3791,Administration,Female
3792,Engineer,Male
3793,Manager,Male
3794,Foreman,Male
3795,Manager,Male
3796,Laborer,Female
3797,Splicer,Female
3798,Lineman,Male
3799,Director,Male
3800,Administrator,Male
3801,Laborer,Female
3802,Project Manager,Male
3803,Tower Hand,Female
3804,Lineman,Female
3805,Mechanic,Male
3806,Groundman,Male
3807,Manager,Male
3808,Administrator,Female
3809,Foreman,Male
3810,Administrator,Female
3811,Engineer,Male
3812,Administrative,Female
3813,Engineer,Male
3814,Coordinator,Male
3815,Coordinator,Male
3816,Technician,Male
3817,Technician,Female
3818,Technician,Male
3819,Foreman,Female
3820,Foreman,Female
3821,Manager,Male
3822,Technician,Male
3823,Supervisor,Male
3824,Administrator,Male
3825,Tower Hand,Male
3826,Laborer,Male
3827,Engineer,Male
3828,Lineman,Male
3829,Manager,Male
3830,Tower Hand,Male
3831,Laborer,Female
3832,Planner,Female
3833,Top Hand,Male
3834,Technician,Male
3835,Associate,Male
3836,Technician,Male
3837,Administrative,Male
3838,Assistant,Female
3839,Lineman,Male
3840,Foreman,Male
3841,Laborer,Male
3842,Lineman,Female
3843,Engineer,Female
3844,Laborer,Male
3845,Laborer,Male
3846,Driver,Male
3847,Laborer,Male
3848,Technician,Male
3849,Foreman,Female
3850,Administration,Male
3851,Manager,Male
3852,Laborer,Female
3853,Operator,Female
3854,Manager,Male
3855,Accountant,Male
3856,Groundman,Male
3857,Engineer,Male
3858,Technician,Male
3859,Engineer,Female
3860,Lineman,Female
3861,Flagger,Male
3862,Engineer,Male
3863,Technician,Female
3864,Laborer,Female
3865,Vp,Male
3866,Technician,Male
3867,Clerk,Male
3868,Administrative,Male
3869,Drafter,Male
3870,Laborer,Male
3871,Lineman,Female
3872,Director,Female
3873,General Manager,Male
3874,Laborer,Male
3875,Laborer,Male
3876,Lineman,Female
3877,Lineman,Male
3878,Engineer,Male
3879,Clerk,Male
3880,Clerical,Male
3881,Laborer,Male
3882,Operator,Female
3883,Administrator,Female
3884,Engineer,Female
3885,Engineer,Female
3886,Technician,Male
3887,Flagger,Male
3888,Engineer,Female
3889,Foreman,Male
3890,Foreman,Male
3891,Engineer,Male
3892,Principal,Male
3893,Laborer,Female
3894,Lineman,Female
3895,Tester,Female
3896,Project Manager,Female
3897,Project Manager,Female
3898,Lineman,Male
3899,Engineer,Female
3900,Field Technician,Female
3901,Project Manager,Male
3902,Groundman,Male
3903,Driver,Male
3904,Engineer,Male
3905,Engineer,Female
3906,Splicer,Female
3907,Director,Female
3908,Splicer,Female
3909,Administrative,Female
3910,Technician,Female
3911,Splicer,Male
3912,Foreman,Male
3913,Purchasing,Female
3914,Project Manager,Male
3915,Foreman,Male
3916,Coordinator,Male
3917,Technician,Female
3918,Laborer,Female
3919,Tower Hand,Female
3920,Laborer,Female
3921,Splicer,Female
3922,Lineman,Female
3923,Foreman,Female
3924,Technician,Male
3925,Vp,Male
3926,Supervisor,Female
3927,Lineman,Male
3928,Laborer,Male
3929,Clerk,Female
3930,Helper,Female
3931,Drafter,Male
3932,Billing,Female
3933,Engineer,Female
3934,Vp,Female
3935,Lineman,Male
3936,Director,Male
3937,Laborer,Male
3938,Tower Hand,Female
3939,Foreman,Male
3940,Technician,Male
3941,Laborer,Male
3942,Laborer,Female
3943,Administrative,Male
3944,Administrator,Female
3945,Engineer,Female
3946,Technician,Female
3947,Field Technician,Female
3948,Foreman,Male
3949,Laborer,Female
3950,Engineer,Female
3951,Groundman,Female
3952,Assistant,Male
3953,Engineer,Female
3954,Flagger,Female
3955,Coordinator,Female
3956,Foreman,Female
3957,Administration,Female
3958,Foreman,Female
3959,Foreman,Male
3960,Laborer,Male
3961,Lineman,Male
3962,Lineman,Female
3963,Foreman,Female
3964,Lineman,Male
3965,Laborer,Female
3966,Laborer,Female
3967,Administration,Female
3968,Engineer,Female
3969,Lineman,Female
3970,Foreman,Female
3971,Technician,Female
3972,Foreman,Female
3973,Laborer,Female
3974,Engineer,Male
3975,Technician,Male
3976,Laborer,Female
3977,Apprentice,Female
3978,Laborer,Male
3979,Controller,Female
3980,Project Manager,Female
3981,Laborer,Female
3982,Laborer,Female
3983,Technician,Female
3984,Laborer,Female
3985,Director,Male
3986,Supervisor,Female
3987,Supervisor,Male
3988,Mechanic,Female
3989,Foreman,Female
3990,Safety,Male
3991,Coordinator,Male
3992,Technician,Male
3993,Foreman,Female
3994,Top Hand,Female
3995,Project Manager,Female
3996,Laborer,Female
3997,Project Manager,Male
3998,Administrative,Female
3999,Engineer,Male
4000,Technician,Male
1001,Engineer,Female
1002,Foreman,Female
1003,Foreman,Female
1004,Coordinator,Male
1005,Project Manager,Male
1006,Administrative,Female
1007,Lineman,Male
1008,Foreman,Female
1009,Model Assistant,Female
1010,Supervisor,Male
1011,Foreman,Male
1012,Administrative,Male
1013,Engineer,Male
1014,Clerk,Male
1015,Vp,Female
1016,Mechanic,Female
1017,Laborer,Female
1018,Laborer,Female
1019,Engineer,Male
1020,Supervisor,Female
1021,Billing,Male
1022,Engineer,Male
1023,Clerk,Male
1024,Coordinator,Female
1025,Foreman,Female
1026,Engineer,Female
1027,Flagger,Male
1028,Model Assistant,Male
1029,Specialist,Female
1030,Foreman,Male
1031,Lineman,Male
1032,Laborer,Male
1033,Operator,Male
1034,Manager,Female
1035,Laborer,Female
1036,Foreman,Male
1037,Engineer,Male
1038,Crew Leader,Male
1039,Administrative,Female
1040,Technician,Male
1041,Administrative,Male
1042,Driller,Male
1043,Billing,Female
1044,Foreman,Female
1045,Foreman,Female
1046,Laborer,Male
1047,Technician,Female
1048,Helper,Male
1049,Technician,Male
1050,Accounting,Male
1051,Operator,Male
1052,Foreman,Female
1053,Project Manager,Female
1054,Project Manager,Male
1055,Laborer,Female
1056,Driver,Male
1057,Foreman,Male
1058,Technician,Male
1059,Engineer,Female
1060,Project Manager,Female
1061,Specialist,Female
1062,Program Manager,Male
1063,Foreman,Female
1064,Technician,Male
1065,Engineer,Male
1066,Operator,Male
1067,Technician,Female
1068,Project Manager,Female
1069,Foreman,Female
1070,Project Manager,Male
1071,Laborer,Male
1072,Operator,Female
1073,Foreman,Male
1074,Laborer,Male
1075,Engineer,Male
1076,Administrative,Female
1077,Foreman,Female
1078,Foreman,Female
1079,Manager,Female
1080,Engineer,Male
1081,Laborer,Male
1082,Technician,Male
1083,Supervisor,Female
1084,Administrator,Male
1085,Lineman,Male
1086,Supervisor,Female
1087,Tower Hand,Female
1088,Foreman,Female
1089,Groundman,Female
1090,Technician,Female
1091,Supervisor,Male
1092,Clerk,Female
1093,Engineer,Female
1094,Foreman,Female
1095,Engineer,Female
1096,Mechanic,Female
1097,Technician,Male
1098,Engineer,Male
1099,Laborer,Female
1100,Laborer,Male
1101,Engineer,Female
1102,Groundman,Female
1103,Splicer,Male
1104,Supervisor,Male
1105,Technician,Female
1106,Lineman,Male
1107,Laborer,Female
1108,Flagger,Male
1109,Laborer,Female
1110,Foreman,Female
1111,Splicer,Female
1112,Project Manager,Female
1113,Lineman,Female
1114,Laborer,Female
1115,Technician,Male
1116,Clerk,Male
1117,Technician,Male
1118,Project Manager,Male
1119,Laborer,Female
1120,Administration,Female
1121,Lineman,Female
1122,Technician,Female
1123,Lineman,Female
1124,Technician,Female
1125,Lineman,Male
1126,Engineer,Male
1127,Technician,Male
1128,Technician,Female
1129,Tower Hand,Female
1130,Intern,Female
1131,Operator,Female
1132,Laborer,Female
1133,Engineer,Female
1134,Technician,Female
1135,Principal,Male
1136,Driver,Male
1137,Laborer,Male
1138,Coordinator,Male
1139,Technician,Male
1140,Engineer,Female
1141,Locator,Female
1142,Coordinator,Female
1143,Lineman,Female
1144,Project Manager,Female
1145,Shop,Male
1146,Groundman,Male
1147,Lineman,Female
1148,Project Manager,Female
1149,Locator,Female
1150,Lineman,Female
1151,Laborer,Male
1152,Engineer,Female
1153,Laborer,Female
1154,Laborer,Female
1155,Clerk,Female
1156,Project Manager,Male
1157,Manager,Male
1158,Technician,Male
1159,Splicer,Male
1160,Flagger,Female
1161,Runner,Female
1162,Laborer,Female
1163,Manager,Female
1164,Project Coordinator,Female
1165,Laborer,Female
1166,Foreman,Male
1167,Laborer,Female
1168,Assistant,Female
1169,Operator,Female
1170,Laborer,Female
1171,Laborer,Female
1172,Engineer,Male
1173,Manager,Female
1174,Construction Manager,Female
1175,Laborer,Female
1176,Project Manager,Female
1177,Lineman,Female
1178,Laborer,Male
1179,Supervisor,Male
1180,Laborer,Male
1181,Laborer,Male
1182,Splicer,Female
1183,Technician,Female
1184,Foreman,Female
1185,Engineer,Female
1186,Tester,Female
1187,Supervisor,Female
1188,Estimator,Male
1189,Engineer,Female
1190,Project Manager,Female
1191,Billing,Female
1192,Technician,Female
1193,Foreman,Female
1194,Foreman,Male
1195,Foreman,Female
1196,Administrator,Female
1197,Administrative,Female
1198,Laborer,Female
1199,Laborer,Female
1200,Laborer,Female
1201,Flagger,Male
1202,Model Assistant,Male
1203,Engineer,Male
1204,Vp,Male
1205,Shop,Female
1206,Drafter,Female
1207,Laborer,Female
1208,Laborer,Female
1209,Foreman,Female
1210,Top Hand,Female
1211,Splicer,Male
1212,Project Manager,Female
1213,Coordinator,Female
1214,Splicer,Female
1215,Laborer,Female
1216,Technician,Female
1217,Vp,Male
1218,Locator,Female
1219,Engineer,Female
1220,Vp,Female
1221,Coordinator,Female
1222,Recruiting,Female
1223,Engineer,Female
1224,Administrative,Male
1225,Accounting,Male
1226,Driller,Male
1227,Engineer,Female
1228,Engineer,Female
1229,Technician,Female
1230,Groundman,Female
1231,Laborer,Female
1232,Support,Female
1233,Project Manager,Male
1234,Director,Female
1235,Administrative,Female
1236,Laborer,Female
1237,Engineer,Female
1238,Engineer,Female
1239,Technician,Female
1240,Project Manager,Female
1241,Laborer,Female
1242,Foreman,Female
1243,Manager,Female
1244,Technician,Male
1245,Technician,Male
1246,Ceo,Male
1247,Foreman,Female
1248,Operator,Female
1249,Driver,Female
1250,Lineman,Female
1251,Laborer,Female
1252,Technician,Female
1253,Engineer,Female
1254,Groundman,Female
1255,Laborer,Female
1256,Laborer,Female
1257,Engineer,Female
1258,Foreman,Female
1259,Laborer,Male
1260,Manager,Female
1261,Laborer,Female
1262,Engineer,Female
1263,Foreman,Female
1264,Director,Female
1265,Laborer,Male
1266,Manager,Male
1267,Lineman,Female
1268,Technician,Female
1269,Laborer,Female
1270,Laborer,Female
1271,Foreman,Female
1272,Coordinator,Female
1273,Manager,Female
1274,Engineer,Female
1275,Splicer,Female
1276,Administrator,Female
1277,Technician,Female
1278,Laborer,Female
1279,Technician,Female
1280,Administrator,Male
1281,Administrative,Female
1282,Administrative,Female
1283,Drafter,Female
1284,Supervisor,Female
1285,Supervisor,Male
1286,Driller,Male
1287,Technician,Female
1288,Lineman,Female
1289,Clerk,Female
1290,Administrator,Female
1291,Coordinator,Female
1292,Engineer,Female
1293,Lineman,Female
1294,Laborer,Female
1295,Groundman,Female
1296,Administrator,Female
1297,Technician,Female
1298,Laborer,Female
1299,Foreman,Female
1300,Laborer,Female
1301,Driller,Female
1302,Laborer,Female
1303,Administration,Female
1304,Safety,Female
1305,Laborer,Male
1306,Coordinator,Male
1307,Director,Male
1308,Supervisor,Female
1309,Driller,Female
1310,Technician,Female
1311,Specialist,Male
1312,Technician,Female
1313,Operator,Female
1314,Technician,Female
1315,Tester,Female
1316,Foreman,Female
1317,Lineman,Female
1318,Laborer,Female
1319,Intern,Male
1320,Billing,Female
1321,Vp,Male
1322,Ceo,Female
1323,Foreman,Female
1324,Helper,Female
1325,Drafter,Female
1326,Billing,Male
1327,Engineer,Male
1328,Vp,Male
1329,Laborer,Male
1330,Associate,Female
1331,Intern,Female
1332,Foreman,Male
1333,Laborer,Male
1334,Laborer,Male
1335,Technician,Female
1336,Technician,Female
1337,Safety Manager,Female
1338,Mechanic,Male
1339,Foreman,Male
1340,Engineer,Male
1341,Engineer,Female
1342,Lineman,Female
1343,Manager,Female
1344,Foreman,Male
1345,Engineer,Male
1346,Laborer,Male
1347,Coordinator,Male
1348,Engineer,Female
1349,Manager,Female
1350,Laborer,Female
1351,Tower Hand,Male
1352,Technician,Male
1353,Supervisor,Male
1354,Top Hand,Female
1355,Coordinator,Female
1356,Engineer,Female
1357,Principal,Male
1358,Laborer,Male
1359,Foreman,Male
1360,Technician,Male
1361,Supervisor,Female
1362,Technician,Female
1363,Laborer,Female
1364,Administration,Male
1365,Lineman,Male
1366,Laborer,Male
1367,Coordinator,Female
1368,Estimator,Female
1369,Foreman,Female
1370,Locator,Female
1371,Technician,Female
1372,Foreman,Male
1373,Laborer,Male
1374,Foreman,Female
1375,Intern,Female
1376,Supervisor,Female
1377,Technician,Female
1378,Engineer,Female
1379,Supervisor,Male
1380,Laborer,Male
1381,Foreman,Female
1382,Supervisor,Female
1383,Technician,Female
1384,Groundman,Female
1385,Laborer,Female
1386,Technician,Female
1387,Laborer,Male
1388,Construction Manager,Female
1389,Manager,Male
1390,Lineman,Male
1391,Supervisor,Female
1392,Operator,Female
1393,Flagger,Female
1394,Laborer,Male
1395,Laborer,Male
1396,Engineer,Female
1397,Laborer,Male
1398,Runner,Female
1399,Foreman,Female
1400,Laborer,Female
1401,Lineman,Male
1402,Technician,Female
1403,Technician,Female
1404,Manager,Male
1405,Construction Manager,Female
1406,Flagger,Female
1407,Administrative,Male
1408,Supervisor,Female
1409,Technician,Female
1410,Laborer,Female
1411,Foreman,Female
1412,Warehouse Technician,Female
1413,Accounting,Male
1414,Labor,Male
1415,Tower Hand,Male
1416,Flagger,Male
1417,Supervisor,Female
1418,Project Manager,Female
1419,Laborer,Female
1420,Project Manager,Female
1421,Administration,Female
1422,Technician,Female
1423,Laborer,Female
1424,Laborer,Female
1425,Technician,Female
1426,Technician,Female
1427,Project Manager,Male
1428,Director,Male
1429,Technician,Female
1430,Shop,Female
1431,Laborer,Female
1432,Administration,Male
1433,Clerk,Female
1434,Splicer,Female
1435,Laborer,Female
1436,Laborer,Male
1437,Manager,Male
1438,Foreman,Male
1439,Laborer,Female
1440,Driver,Female
1441,Laborer,Female
1442,Safety,Female
1443,Technician,Female
1444,Laborer,Female
1445,Labor,Female
1446,Driver,Female
1447,Supervisor,Female
1448,Technician,Female
1449,Administrator,Male
1450,Manager,Male
1451,Technician,Female
1452,Driver,Female
1453,Engineer,Male
1454,Lineman,Male
1455,Administrator,Female
1456,Engineer,Female
1457,Driller,Female
1458,Foreman,Female
1459,Technician,Male
1460,Foreman,Male
1461,Technician,Female
1462,Engineer,Female
1463,Technician,Female
1464,Supervisor,Female
1465,Analyst,Female
1466,Engineer,Female
1467,Generalist,Female
1468,Laborer,Female
1469,Lineman,Female
1470,Administrator,Female
1471,Lineman,Male
1472,Field Project Manager,Male
1473,Laborer,Female
1474,Engineer,Female
1475,Laborer,Male
1476,Foreman,Male
1477,Laborer,Female
1478,Locator,Female
1479,Coordinator,Female
1480,Mechanic,Male
1481,Technician,Male
1482,Vp,Female
1483,Shop,Female
1484,Laborer,Female
1485,Laborer,Female
1486,Engineer,Female
1487,Operator,Female
1488,Project Manager,Female
1489,Technician,Female
1490,Director,Female
1491,Manager,Female
1492,Engineer,Male
1493,Laborer,Male
1494,Coordinator,Female
1495,Laborer,Male
1496,Technician,Male
1497,Drafter,Male
1498,Director,Female
1499,Operator,Female
1500,Tower Hand,Female
1501,Tower Hand,Male
1502,Administrative,Male
1503,Business Development,Female
1504,Technician,Female
1505,Supervisor,Female
1506,Engineer,Female
1507,Administrator,Female
1508,Lineman,Female
1509,Assistant,Female
1510,Technician,Female
1511,Groundman,Female
1512,Laborer,Female
1513,Engineer,Male
1514,Manager,Male
1515,Laborer,Female
1516,Manager,Male
1517,Splicer,Male
1518,Engineer,Male
1519,Supervisor,Female
1520,Vp,Female
1521,Groundman,Male
1522,Operator,Male
1523,Director,Male
1524,Engineer,Female
1525,Laborer,Female
1526,Foreman,Female
1527,Engineer,Female
1528,Laborer,Female
1529,Laborer,Female
1530,Top Hand,Female
1531,Lineman,Female
1532,Technician,Female
1533,Technician,Female
1534,Operator,Male
1535,Foreman,Female
1536,Locator,Female
1537,Vp,Male
1538,Splicer,Male
1539,Laborer,Male
1540,Cio,Female
1541,Assistant,Female
1542,Construction Manager,Male
1543,Laborer,Male
1544,Technician,Female
1545,Laborer,Female
1546,Construction Manager,Female
1547,Intern,Female
1548,Engineer,Male
1549,Executive,Female
1550,Technician,Female
1551,Project Manager,Female
1552,Laborer,Female
1553,Technician,Female
1554,Project Manager,Male
1555,Technician,Female
1556,Manager,Female
1557,Project Manager,Male
1558,Project Manager,Male
1559,Coordinator,Male
1560,Model Assistant,Male
1561,Clerk,Female
1562,Administrator,Female
1563,Engineer,Female
1564,Technician,Male
1565,Foreman,Male
1566,Technician,Female
1567,Manager,Female
1568,Coordinator,Female
1569,Engineer,Male
1570,Laborer,Male
1571,Specialist,Female
1572,Engineer,Female
1573,Manager,Female
1574,Foreman,Female
1575,Laborer,Female
1576,Lineman,Male
1577,Cfo,Female
1578,Tower Hand,Male
1579,Foreman,Male
1580,Administration,Male
1581,Foreman,Male
1582,Engineer,Female
1583,Coordinator,Female
1584,Engineer,Female
1585,Tester,Female
1586,Technician,Female
1587,Splicer,Male
1588,Technician,Male
1589,Technician,Female
1590,Foreman,Male
1591,Technician,Female
1592,Engineer,Male
1593,Laborer,Male
1594,Lineman,Female
1595,Administrative,Female
1596,Administrator,Female
1597,Coordinator,Female
1598,Groundman,Female
1599,Laborer,Male
1600,Technician,Female
1601,Engineer,Male
1602,Technician,Female
1603,Locator,Male
1604,Operator,Male
1605,Laborer,Female
1606,Laborer,Female
1607,Shop,Female
1608,Technician,Female
1609,Engineer,Male
1610,Flagger,Female
1611,Coordinator,Female
1612,Lineman,Male
1613,Laborer,Female
1614,Director,Male
1615,Foreman,Male
1616,Laborer,Female
1617,Lineman,Female
1618,Laborer,Male
1619,Foreman,Female
1620,Executive Assistant,Male
1621,Supervisor,Male
1622,Director,Male
1623,Intern,Male
1624,Top Hand,Male
1625,Manager,Male
1626,Technician,Female
1627,Technician,Female
1628,Foreman,Female
1629,Engineer,Female
1630,Foreman,Female
1631,Executive Assistant,Female
1632,Driller,Female
1633,Laborer,Female
1634,Administration,Male
1635,Safety,Male
1636,Lineman,Male
1637,Foreman,Male
1638,Accounting,Male
1639,Technician,Male
1640,Field Project Manager,Female
1641,Laborer,Female
1642,Project Manager,Female
1643,Supervisor,Male
1644,Foreman,Male
1645,Engineer,Male
1646,Engineer,Male
1647,Foreman,Male
1648,Driver,Male
1649,Groundman,Male
1650,Technician,Male
1651,Laborer,Female
1652,Driver,Female
1653,Foreman,Male
1654,Administrative,Male
1655,Project Manager,Male
1656,Tower Hand,Male
1657,Engineer,Male
1658,Laborer,Male
1659,Laborer,Female
1660,Technician,Male
1661,Clerk,Male
1662,Engineer,Female
1663,Lineman,Female
1664,Laborer,Male
1665,Coordinator,Male
1666,Locator,Male
1667,Splicer,Male
1668,Laborer,Male
1669,Executive Assistant,Male
1670,Laborer,Female
1671,Coordinator,Female
1672,Tester,Male
1673,Laborer,Female
1674,Laborer,Female
1675,Technician,Male
1676,Foreman,Male
1677,Foreman,Female
1678,Technician,Female
1679,Project Manager,Male
1680,Laborer,Male
1681,Engineer,Female
1682,Foreman,Female
1683,Lineman,Female
1684,Engineer,Male
1685,Foreman,Female
1686,Intern,Male
1687,Drafter,Male
1688,Mechanic,Male
1689,Technician,Male
1690,Administrative,Male
1691,Technician,Male
1692,Engineer,Female
1693,Tower Hand,Female
1694,Foreman,Male
1695,Specialist,Female
1696,Coordinator,Male
1697,Foreman,Male
1698,Engineer,Male
1699,Manager,Male
1700,Engineer,Male
1701,Flagger,Male
1702,Contracts,Female
1703,Lineman,Female
1704,Project Manager,Female
1705,Intern,Female
1706,Supervisor,Female
1707,Clerk,Male
1708,Associate,Male
1709,Manager,Male
1710,Technician,Male
1711,Laborer,Male
1712,Engineer,Female
1713,Flagger,Female
1714,Laborer,Female
1715,Foreman,Female
1716,Flagger,Female
1717,Model Assistant,Male
1718,Driller,Male
1719,Laborer,Male
1720,Laborer,Male
1721,Assistant,Male
1722,Groundman,Female
1723,Coordinator,Female
1724,Coordinator,Female
1725,Technician,Male
1726,Clerk,Male
1727,Foreman,Male
1728,Foreman,Male
1729,Foreman,Female
1730,Technician,Female
1731,Engineer,Male
1732,Engineer,Female
1733,Laborer,Female
1734,Driver,Male
1735,Mechanic,Female
1736,Technician,Male
1737,Engineer,Female
1738,Coordinator,Male
1739,Laborer,Female
1740,Laborer,Female
1741,Drafter,Female
1742,Laborer,Female
1743,Supervisor,Male
1744,Driller,Female
1745,Foreman,Female
1746,Vp,Male
1747,Splicer,Female
1748,Laborer,Female
1749,Project Manager,Female
1750,Tower Hand,Female
1751,Lineman,Female
1752,Mechanic,Male
1753,Assistant,Male
1754,Manager,Male
1755,Foreman,Male
1756,Operator,Male
1757,Director,Female
1758,Administrator,Male
1759,Coordinator,Male
1760,Foreman,Male
1761,Technician,Female
1762,Foreman,Female
1763,Model Assistant,Female
1764,Engineer,Female
1765,Field Project Manager,Female
1766,Laborer,Female
1767,Supervisor,Female
1768,Lineman,Female
1769,Technician,Male
1770,Director,Male
1771,Mechanic,Male
1772,Laborer,Male
1773,Administrative,Male
1774,Technician,Female
1775,Engineer,Male
1776,Engineer,Male
1777,Splicer,Female
1778,Foreman,Female
1779,Director,Female
1780,Engineer,Female
1781,Supervisor,Female
1782,Groundman,Female
1783,Laborer,Female
1784,Technician,Female
1785,Director,Female
1786,Laborer,Male
1787,Engineer,Male
1788,Engineer,Male
1789,Engineer,Male
1790,Lineman,Female
1791,Clerk,Female
1792,Planner,Male
1793,Director,Female
1794,Administrator,Female
1795,Manager,Female
1796,Driver,Female
1797,Laborer,Female
1798,Splicer,Female
1799,Technician,Male
1800,Lineman,Female
1801,Technician,Female
1802,Driller,Female
1803,Billing,Female
1804,Laborer,Male
1805,Laborer,Male
1806,Laborer,Male
1807,Lineman,Female
1808,Coordinator,Female
1809,Supervisor,Female
1810,Engineer,Male
1811,Project Manager,Female
1812,Manager,Female
1813,Lineman,Female
1814,Laborer,Female
1815,Manager,Female
1816,Supervisor,Female
1817,Lineman,Female
1818,Laborer,Male
1819,Technician,Female
1820,Shop,Female
1821,Accountant,Female
1822,Groundman,Female
1823,Assistant,Male
1824,Vp,Male
1825,Laborer,Male
1826,Foreman,Female
1827,Operator,Female
1828,Foreman,Male
1829,Project Manager,Male
1830,Administrative,Female
1831,Technician,Female
1832,Engineer,Female
1833,Technician,Female
1834,Coordinator,Female
1835,Laborer,Female
1836,Laborer,Male
1837,Technician,Female
1838,Laborer,Female
1839,Assistant,Female
1840,Drafter,Female
1841,Operator,Female
1842,Coordinator,Male
1843,Engineer,Male
1844,Model Assistant,Female
1845,Laborer,Female
1846,Foreman,Male
1847,Project Manager,Male
1848,Engineer,Male
1849,Project Manager,Female
1850,Lineman,Female
1851,Laborer,Female
1852,Technician,Female
1853,Lineman,Female
1854,Mechanic,Female
1855,Locator,Male
1856,Technician,Female
1857,Engineer,Male
1858,Lineman,Female
1859,Field Technician,Female
1860,Coordinator,Female
1861,Apprentice,Male
1862,Laborer,Male
1863,Engineer,Female
1864,Splicer,Female
1865,Lineman,Female
1866,Operator,Male
1867,Technician,Male
1868,Laborer,Male
1869,Foreman,Female
1870,Engineer,Female
1871,Laborer,Female
1872,Laborer,Female
1873,Technician,Female
1874,Technician,Male
1875,Foreman,Male
1876,Operator,Female
1877,Foreman,Male
1878,Manager,Female
1879,Engineer,Female
1880,Foreman,Female
1881,Technician,Male
1882,Engineer,Female
1883,Project Manager,Female
1884,Engineer,Female
1885,Technician,Male
1886,Administrator,Male
1887,Tower Hand,Male
1888,Engineer,Female
1889,Laborer,Female
1890,Laborer,Female
1891,Labor,Female
1892,Technician,Female
1893,Clerk,Male
1894,Laborer,Male
1895,Lineman,Female
1896,Engineer,Female
1897,Laborer,Male
1898,Laborer,Female
1899,Laborer,Female
1900,Clerk,Female
1901,Engineer,Female
1902,Project Manager,Male
1903,Foreman,Female
1904,Laborer,Female
1905,Vp,Female
1906,Laborer,Male
1907,Operator,Male
1908,Technician,Female
1909,Groundman,Female
1910,Drafter,Female
1911,Laborer,Female
1912,Engineer,Female
1913,Lineman,Male
1914,Project Manager,Female
1915,Laborer,Female
1916,Technician,Male
1917,Engineer,Female
1918,Supervisor,Female
1919,Shop,Female
1920,Tower Hand,Female
1921,Engineer,Male
1922,Technician,Male
1923,Director,Female
1924,Foreman,Female
1925,Laborer,Male
1926,Director,Male
1927,Technician,Male
1928,Laborer,Female
1929,Coordinator,Female
1930,Technician,Female
1931,Engineer,Female
1932,Project Manager,Male
1933,Lineman,Female
1934,Supervisor,Female
1935,Coordinator,Male
1936,Technician,Female
1937,Technician,Female
1938,Technician,Female
1939,Engineer,Female
1940,Project Manager,Female
1941,Engineer,Female
1942,Laborer,Female
1943,Mechanic,Female
1944,Technician,Female
1945,Engineer,Female
1946,Lineman,Female
1947,Manager,Female
1948,Splicer,Female
1949,Technician,Female
1950,Splicer,Female
1951,Foreman,Female
1952,Laborer,Female
1953,Cfo,Female
1954,Administration,Female
1955,Engineer,Male
1956,Engineer,Female
1957,Manager,Female
1958,Assistant,Female
1959,Coordinator,Female
1960,Administrator,Male
1961,Drafter,Female
1962,Clerk,Female
1963,Technician,Female
1964,Manager,Female
1965,Specialist,Female
1966,Technician,Female
1967,Flagger,Female
1968,Laborer,Female
1969,Foreman,Female
1970,Foreman,Female
1971,Lineman,Female
1972,Laborer,Male
1973,Laborer,Female
1974,Supervisor,Female
1975,Manager,Female
1976,Administration,Female
1977,Technician,Female
1978,Administration,Female
1979,Engineer,Female
1980,Manager,Female
1981,Foreman,Male
1982,Manager,Female
1983,Laborer,Female
1984,Splicer,Female
1985,Lineman,Female
1986,Director,Female
1987,Administrator,Female
1988,Laborer,Female
1989,Groundman,Female
1990,Laborer,Female
1991,Technician,Female
1992,Laborer,Female
1993,Technician,Female
1994,Lineman,Female
1995,Driller,Female
1996,Lineman,Female
1997,Project Manager,Female
1998,Laborer,Female
1999,Locator,Female
2000,Flagger,Female
2001,Coordinator,Female
2002,Laborer,Female
2003,Welder,Female
2004,Engineer,Female
2005,Laborer,Female
2006,Chief Operating Officer,Male
2007,Splicer,Female
2008,Lineman,Female
2009,Engineer,Female
2010,Laborer,Female
2011,Clerk,Female
2012,Vp,Female
2013,Foreman,Female
2014,Technician,Female
2015,Engineer,Female
2016,Lineman,Female
2017,Laborer,Female
2018,Runner,Female
2019,Laborer,Female
2020,Billing,Female
2021,Foreman,Female
2022,Operator,Female
2023,Foreman,Female
2024,Coordinator,Female
2025,Laborer,Female
2026,Locator,Female
2027,Engineer,Female
2028,Tower Hand,Female
2029,Billing,Female
2030,Operator,Female
2031,Manager,Male
2032,Technician,Male
2033,Laborer,Female
2034,Driver,Female
2035,Lineman,Female
2036,Laborer,Female
2037,Clerk,Female
2038,Foreman,Female
2039,Operator,Female
2040,Lineman,Female
2041,Laborer,Female
2042,Technician,Female
2043,Technician,Female
2044,Operator,Female
2045,Engineer,Female
2046,Manager,Female
2047,Laborer,Female
2048,Laborer,Female
2049,Laborer,Female
2050,Safety,Female
2051,Laborer,Female
2052,Laborer,Female
2053,Engineer,Female
2054,Coordinator,Female
2055,Executive,Female
2056,Laborer,Female
2057,Laborer,Male
2058,Laborer,Male
2059,Laborer,Female
2060,Tower Hand,Female
2061,Field Project Manager,Female
2062,Laborer,Female
2063,Groundman,Female
2064,Executive,Female
2065,Laborer,Female
2066,Manager,Female
2067,Project Manager,Female
2068,Laborer,Female
2069,Manager,Female
2070,Operator,Female
2071,Laborer,Female
2072,Engineer,Female
2073,Manager,Female
2074,Supervisor,Female
2075,Manager,Female
2076,Project Manager,Female
2077,Foreman,Female
2078,Laborer,Female
2079,Flagger,Female
2080,Supervisor,Female
2081,Supervisor,Female
2082,Laborer,Male
2083,Technician,Female
2084,Assistant,Female
2085,Engineer,Female
2086,Laborer,Female
2087,Laborer,Female
2088,Coordinator,Female
2089,Director,Female
2090,Assistant,Female
2091,Locator,Female
2092,Laborer,Female
2093,Technician,Female
2094,Groundman,Female
2095,Manager,Female
2096,Construction Manager,Female
2097,Lineman,Female
2098,Laborer,Female
2099,Vp,Female
2100,Coordinator,Female
2101,Engineer,Female
2102,Driller,Female
2103,Construction Manager,Female
2104,Laborer,Female
2105,Supervisor,Female
2106,Foreman,Male
2107,Project Manager,Female
2108,Driller,Female
2109,Tower Hand,Female
2110,Vp,Female
2111,Lineman,Female
2112,Technician,Female
2113,Clerk,Female
2114,Project Manager,Female
2115,Engineer,Female
2116,Engineer,Female
2117,Laborer,Female
2118,Coordinator,Female
2119,Foreman,Female
2120,Lineman,Female
2121,Splicer,Female
2122,Locator,Female
2123,Project Manager,Female
2124,Laborer,Female
2125,Project Manager,Female
2126,Helpdesk,Female
2127,Foreman,Female
2128,Foreman,Female
2129,Technician,Male
2130,Tower Hand,Female
2131,Laborer,Female
2132,Technician,Female
2133,Tower Hand,Female
2134,Foreman,Female
2135,Technician,Female
2136,Labor,Female
2137,Laborer,Female
2138,Evp,Female
2139,Laborer,Female
2140,Supervisor,Female
2141,Foreman,Female
2142,Engineer,Female
2143,Coordinator,Female
2144,Laborer,Female
2145,Coordinator,Female
2146,Model Assistant,Female
2147,Lineman,Female
2148,Splicer,Female
2149,Coordinator,Female
2150,Splicer,Female
2151,Engineer,Female
2152,Project Manager,Female
2153,Model Assistant,Female
2154,Driller,Male
2155,Coordinator,Female
2156,Manager,Female
2157,Assistant,Female
2158,Foreman,Female
2159,Lineman,Female
2160,Laborer,Female
2161,Engineer,Female
2162,Project Manager,Female
2163,Lineman,Female
2164,Technician,Female
2165,Laborer,Female
2166,Operator,Female
2167,Administrator,Female
2168,Technician,Female
2169,Flagger,Female
2170,Billing,Female
2171,Executive Assistant,Female
2172,Laborer,Female
2173,Engineer,Female
2174,Coordinator,Female
2175,Technician,Female
2176,Foreman,Female
2177,Supervisor,Male
2178,Engineer,Female
2179,Supervisor,Female
2180,Technician,Female
2181,Foreman,Female
2182,Engineer,Female
2183,Manager,Female
2184,Laborer,Female
2185,Groundman,Female
2186,Technician,Male
2187,Program Manager,Female
2188,Laborer,Female
2189,Shop,Female
2190,Laborer,Female
2191,Engineer,Female
2192,Administration,Female
2193,Laborer,Male
2194,Laborer,Female
2195,Laborer,Female
2196,Operator,Male
2197,Operator,Female
2198,Driver,Female
2199,Manager,Female
2200,Laborer,Female
2201,Technician,Male
2202,Project Manager,Female
2203,Technician,Female
2204,Supervisor,Female
2205,Administrator,Female
2206,Tower Hand,Female
2207,Welder,Female
2208,Technician,Female
2209,Groundman,Male
2210,Vp,Female
2211,Administrator,Female
2212,Cfo,Female
2213,Shop,Female
2214,Tower Hand,Female
2215,Engineer,Female
2216,Technician,Female
2217,Director,Female
2218,Foreman,Female
2219,Laborer,Female
2220,Engineer,Female
2221,Laborer,Female
2222,Laborer,Female
2223,Vp,Female
2224,Groundman,Female
2225,Project Manager,Male
2226,Administrative,Female
2227,Lineman,Female
2228,Laborer,Female
2229,Laborer,Female
2230,Supervisor,Female
2231,Laborer,Female
2232,Engineer,Male
2233,Lineman,Female
2234,Laborer,Female
2235,Model Assistant,Female
2236,Project Manager,Female
2237,Laborer,Female
2238,Purchasing,Male
2239,Manager,Male
2240,Accounting,Female
2241,Engineer,Female
2242,Runner,Female
2243,Accounting,Female
2244,Driller,Female
2245,Supervisor,Male
2246,Technician,Male
2247,Engineer,Female
2248,Laborer,Female
2249,Laborer,Female
2250,Groundman,Female
2251,Program Manager,Female
2252,Coordinator,Male
2253,Technician,Female
2254,Administrator,Female
2255,Lineman,Female
2256,Driller,Female
2257,Administrative,Male
2258,Engineer,Male
2259,Drafter,Female
2260,Billing,Female
2261,Foreman,Female
2262,Engineer,Female
2263,Assistant,Male
2264,Manager,Male
2265,Construction Manager,Female
2266,Construction Manager,Female
2267,Technician,Female
2268,Technician,Male
2269,Ceo,Male
2270,Manager,Female
2271,Tower Hand,Female
2272,Laborer,Female
2273,Planner,Male
2274,Lineman,Male
2275,Runner,Male
2276,Project Manager,Female
2277,Technician,Female
2278,Operator,Female
2279,Safety,Male
2280,Foreman,Female
2281,Laborer,Male
2282,Engineer,Male
2283,Technician,Male
2284,Foreman,Female
2285,Coordinator,Male
2286,Specialist,Male
2287,Technician,Female
2288,Engineer,Female
2289,Laborer,Male
2290,Groundman,Female
2291,Technician,Female
2292,Foreman,Male
2293,Laborer,Male
2294,Engineer,Male
2295,Driller,Female
2296,Driller,Female
2297,Laborer,Female
2298,Laborer,Female
2299,Laborer,Female
2300,Laborer,Female
2301,Operator,Female
2302,Operator,Female
2303,Driver,Female
2304,Manager,Female
2305,Laborer,Female
2306,Technician,Male
2307,Project Manager,Male
2308,Coordinator,Male
2309,Technician,Male
2310,Engineer,Male
2311,Laborer,Female
2312,Laborer,Male
2313,Shop,Male
2314,Technician,Female
2315,Project Manager,Female
2316,Technician,Male
2317,Manager,Female
2318,Laborer,Female
2319,Administrator,Female
2320,Engineer,Female
2321,Technician,Female
2322,Driller,Female
2323,Manager,Female
2324,Splicer,Female
2325,Laborer,Female
2326,Safety,Female
2327,Laborer,Male
2328,Splicer,Male
2329,Lineman,Male
2330,Vp,Male
2331,Supervisor,Male
2332,Engineer,Male
2333,Associate,Female
2334,Engineer,Male
2335,Foreman,Male
2336,Foreman,Female
2337,Engineer,Male
2338,Supervisor,Female
2339,Administrator,Female
2340,Laborer,Female
2341,Mechanic,Female
2342,Laborer,Female
2343,Technician,Female
2344,Engineer,Female
2345,Specialist,Female
2346,Technician,Female
2347,Laborer,Female
2348,Technician,Male
2349,Laborer,Male
2350,Laborer,Male
2351,Technician,Male
2352,Lineman,Male
2353,Foreman,Female
2354,Clerk,Female
2355,Civil Hand,Male
2356,Laborer,Male
2357,Foreman,Female
2358,Executive Assistant,Male
2359,Project Manager,Female
2360,Engineer,Female
2361,Supervisor,Female
2362,Construction Manager,Female
2363,Foreman,Female
2364,Technician,Male
2365,Technician,Female
2366,Engineer,Female
2367,Foreman,Female
2368,Splicer,Female
2369,Engineer,Male
2370,Locator,Male
2371,Supervisor,Male
2372,Driller,Female
2373,Foreman,Female
2374,Laborer,Female
2375,Foreman,Male
2376,Technician,Female
2377,Vp,Male
2378,Administrative,Female
2379,Technician,Female
2380,Laborer,Female
2381,Foreman,Female
2382,Laborer,Male
2383,Laborer,Male
2384,Foreman,Female
2385,Associate,Female
2386,Administrative,Female
2387,Safety,Male
2388,Engineer,Male
2389,Administrative,Male
2390,Coordinator,Female
2391,Splicer,Female
2392,Services,Male
2393,Engineer,Female
2394,Laborer,Male
2395,Engineer,Male
2396,Engineer,Female
2397,Laborer,Female
2398,Foreman,Female
2399,Driver,Male
2400,Supervisor,Male
2401,Technician,Female
2402,Supervisor,Female
2403,Administrative,Female
2404,Manager,Female
2405,Lineman,Male
2406,Technician,Male
2407,Clerk,Male
2408,Foreman,Female
2409,Program Manager,Female
2410,Project Manager,Male
2411,Lineman,Female
2412,Engineer,Male
2413,Driver,Female
2414,Laborer,Female
2415,Technician,Female
2416,Laborer,Male
2417,Program Manager,Male
2418,Manager,Male
2419,Driver,Female
2420,Coordinator,Female
2421,Engineer,Female
2422,Laborer,Male
2423,Laborer,Male
2424,Technician,Male
2425,Driver,Male
2426,Foreman,Female
2427,Top Hand,Female
2428,Shop,Female
2429,Laborer,Male
2430,Technician,Male
2431,Laborer,Female
2432,Shop,Female
2433,Project Manager,Male
2434,Foreman,Male
2435,Planner,Male
2436,Driller,Male
2437,Mechanic,Female
2438,Operator,Female
2439,Engineer,Female
2440,Laborer,Male
2441,Recruiter,Male
2442,Vp,Female
2443,Foreman,Female
2444,Traffic,Female
2445,Technician,Female
2446,Manager,Male
2447,Administrative,Female
2448,Specialist,Female
2449,Lineman,Female
2450,Lineman,Male
2451,Supervisor,Male
2452,Vp,Male
2453,Laborer,Male
2454,Engineer,Female
2455,Specialist,Female
2456,Laborer,Male
2457,Groundman,Male
2458,Technician,Male
2459,Laborer,Female
2460,Controller,Female
2461,Splicer,Male
2462,Foreman,Female
2463,Engineer,Female
2464,Technician,Male
2465,Laborer,Female
2466,Engineer,Female
2467,Engineer,Female
2468,Laborer,Male
2469,Supervisor,Male
2470,Laborer,Male
2471,Engineer,Male
2472,Foreman,Female
2473,Administrative,Male
2474,Technician,Male
2475,Splicer,Male
2476,Runner,Male
2477,Laborer,Female
2478,Flagger,Female
2479,Laborer,Female
2480,Technician,Male
2481,Lineman,Male
2482,Manager,Male
2483,Engineer,Male
2484,Laborer,Male
2485,Supervisor,Male
2486,Coordinator,Male
2487,Laborer,Male
2488,Tower Hand,Male
2489,Technician,Male
2490,Laborer,Male
2491,Flagger,Male
2492,Laborer,Male
2493,Driller,Male
2494,Laborer,Male
2495,Engineer,Male
2496,Operator,Male
2497,Technician,Male
2498,Foreman,Female
2499,Manager,Male
2500,Laborer,Male
2501,Manager,Male
2502,Supervisor,Male
2503,Clerk,Male
2504,Engineer,Male
2505,Tester,Male
2506,Groundman,Male
2507,Foreman,Female
2508,Technician,Male
2509,Engineer,Female
2510,Lineman,Male
2511,Technician,Male
2512,Laborer,Male
2513,Engineer,Male
2514,Engineer,Male
2515,Administrator,Male
2516,Laborer,Male
2517,Laborer,Male
2518,Laborer,Male
2519,Splicer,Female
2520,Coordinator,Male
2521,Engineer,Male
2522,Driller,Male
2523,Lineman,Male
2524,Manager,Male
2525,Lineman,Male
2526,Engineer,Female
2527,Project Manager,Male
2528,Coordinator,Male
2529,Operator,Female
2530,Attendant,Male
2531,Manager,Male
2532,Technician,Male
2533,Technician,Male
2534,Coordinator,Male
2535,Engineer,Male
2536,Driller,Male
2537,Tower Hand,Female
2538,Groundman,Female
2539,Foreman,Male
2540,Svp,Female
2541,Engineer,Female
2542,Engineer,Male
2543,Operator,Male
2544,Laborer,Male
2545,Coordinator,Male
2546,Clerk,Male
2547,Laborer,Male
2548,Manager,Female
2549,Project Manager,Female
2550,Flagger,Female
2551,Manager,Female
2552,Foreman,Male
2553,Laborer,Male
2554,Engineer,Male
2555,Foreman,Male
2556,Manager,Male
2557,Engineer,Female
2558,Operator,Female
2559,Technician,Male
2560,Vp,Male
2561,Laborer,Male
2562,Technician,Male
2563,Engineer,Male
2564,Flagger,Male
2565,Technician,Female
2566,Coordinator,Male
2567,Foreman,Male
2568,Lineman,Male
2569,Laborer,Male
2570,Laborer,Male
2571,Technician,Female
2572,Technician,Male
2573,Laborer,Female
2574,Engineer,Male
2575,Splicer,Male
2576,Supervisor,Female
2577,Lineman,Female
2578,Assistant,Female
2579,Administrative,Female
2580,Administration,Male
2581,Laborer,Male
2582,Laborer,Female
2583,Project Manager,Male
2584,Engineer,Male
2585,Laborer,Male
2586,Laborer,Male
2587,Technician,Male
2588,Laborer,Male
2589,Engineer,Male
2590,Engineer,Male
2591,Laborer,Male
2592,Splicer,Male
2593,Laborer,Male
2594,Engineer,Male
2595,Administrator,Male
2596,Administrative,Male
2597,Technician,Male
2598,Splicer,Male
2599,Runner,Female
2600,Lineman,Female
2601,Laborer,Female
2602,Clerk,Female
2603,Splicer,Male
2604,Engineer,Male
2605,Supervisor,Male
2606,Project Manager,Male
2607,Engineer,Male
2608,Lineman,Male
2609,Administrative,Male
2610,Foreman,Male
2611,Manager,Male
2612,Driller,Male
2613,Project Manager,Male
2614,Foreman,Male
2615,Controller,Female
2616,Engineer,Female
2617,Foreman,Female
2618,Laborer,Female
2619,Laborer,Male
2620,Laborer,Male
2621,Manager,Male
2622,Vp,Male
2623,Tower Hand,Male
2624,Supervisor,Male
2625,Driller,Male
2626,Manager,Male
2627,Foreman,Male
2628,Vp,Male
2629,Laborer,Male
2630,Laborer,Male
2631,Foreman,Female
2632,Foreman,Female
2633,Manager,Female
2634,Technician,Female
2635,Locator,Female
2636,Technician,Male
2637,Supervisor,Male
2638,Supervisor,Male
2639,Manager,Male
2640,Foreman,Male
2641,Groundman,Male
2642,Laborer,Male
2643,Clerical,Male
2644,Lineman,Male
2645,Manager,Male
2646,Manager,Male
2647,Coordinator,Male
2648,Engineer,Male
2649,Coordinator,Female
2650,Project Manager,Female
2651,Coordinator,Female
2652,Manager,Female
2653,Operator,Male
2654,Operator,Male
2655,Manager,Male
2656,Splicer,Male
2657,Manager,Male
2658,Technician,Male
2659,Administrative,Male
2660,Mechanic,Male
2661,Administrative,Male
2662,Foreman,Male
2663,Technician,Male
2664,Manager,Male
2665,Splicer,Male
2666,Runner,Female
2667,Engineer,Female
2668,Technician,Female
2669,Foreman,Female
2670,Engineer,Male
2671,Coordinator,Male
2672,Engineer,Male
2673,Splicer,Male
2674,Engineer,Male
2675,Engineer,Male
2676,Engineer,Male
2677,Director,Male
2678,Laborer,Male
2679,Foreman,Male
2680,Engineer,Male
2681,Technician,Male
2682,Supervisor,Male
2683,Laborer,Female
2684,Manager,Female
2685,Supervisor,Female
2686,Technician,Male
2687,Engineer,Male
2688,Engineer,Male
2689,Foreman,Male
2690,Field Project Manager,Male
2691,Supervisor,Male
2692,Foreman,Male
2693,Assistant,Male
2694,Director,Male
2695,Laborer,Male
2696,Manager,Male
2697,Laborer,Male
2698,Operator,Male
2699,Engineer,Female
2700,Manager,Female
2701,Controller,Female
2702,Foreman,Male
2703,Laborer,Male
2704,Technician,Male
2705,Supervisor,Female
2706,Electrician,Male
2707,Foreman,Male
2708,Foreman,Male
2709,Locator,Male
2710,Manager,Male
2711,Technician,Male
2712,Foreman,Male
2713,Foreman,Male
2714,Tower Hand,Male
2715,Manager,Female
2716,Ceo,Female
2717,Supervisor,Male
2718,Laborer,Male
2719,Intern,Male
2720,Top Hand,Female
2721,Manager,Male
2722,Technician,Male
2723,Technician,Male
2724,Foreman,Male
2725,Laborer,Male
2726,Groundman,Male
2727,Lineman,Male
2728,Foreman,Male
2729,Engineer,Female
2730,Operator,Female
2731,Technician,Female
2732,Shop,Male
2733,Administrator,Male
2734,Laborer,Female
2735,Groundman,Female
2736,Laborer,Male
2737,Technician,Male
2738,Laborer,Male
2739,Technician,Male
2740,Construction Manager,Male
2741,Technician,Male
2742,Foreman,Male
2743,Top Hand,Male
2744,Laborer,Female
2745,Director,Female
2746,Supervisor,Female
2747,Lineman,Female
2748,Laborer,Female
2749,Administrator,Female
2750,Laborer,Male
2751,Laborer,Male
2752,Flagger,Male
2753,Driver,Female
2754,Engineer,Male
2755,Technician,Male
2756,Driller,Male
2757,Coordinator,Female
2758,Lineman,Male
2759,Lineman,Male
2760,Engineer,Male
2761,Laborer,Female
2762,Laborer,Female
2763,Construction Manager,Female
2764,Engineer,Male
2765,Administrative,Male
2766,Engineer,Female
2767,Technician,Female
2768,Operator,Male
2769,Foreman,Male
2770,Laborer,Male
2771,Laborer,Male
2772,Laborer,Male
2773,Laborer,Male
2774,Laborer,Male
2775,Tower Hand,Female
2776,Engineer,Male
2777,Laborer,Male
2778,Foreman,Male
2779,Laborer,Male
2780,Foreman,Male
2781,Operator,Male
2782,Laborer,Female
2783,Technician,Male
2784,Foreman,Male
2785,Top Hand,Male
2786,Laborer,Female
2787,Director,Female
2788,Supervisor,Female
2789,Manager,Male
2790,Laborer,Male
2791,Driller,Male
2792,Technician,Male
2793,Supervisor,Male
2794,Laborer,Male
2795,Drafter,Female
2796,Program Manager,Female
2797,Lineman,Male
2798,Planner,Male
2799,Engineer,Male
2800,Foreman,Male
2801,Tower Hand,Male
2802,Technician,Female
2803,Foreman,Female
2804,Coordinator,Male
2805,Driver,Male
2806,Supervisor,Female
2807,Driver,Female
2808,Engineer,Female
2809,Splicer,Male
2810,Laborer,Male
2811,Laborer,Male
2812,Manager,Male
2813,Vp,Male
2814,Technician,Male
2815,Manager,Female
2816,Splicer,Female
2817,Laborer,Male
2818,Engineer,Male
2819,Flagger,Male
2820,Laborer,Male
2821,Technician,Male
2822,Lineman,Female
2823,Operator,Female
2824,Laborer,Male
2825,Project Manager,Male
2826,Technician,Female
2827,Driver,Female
2828,Technician,Female
2829,Director,Male
2830,Administrative,Male
2831,Lineman,Male
2832,Laborer,Male
2833,Laborer,Male
2834,Technician,Female
2835,Project Manager,Female
2836,Lineman,Female
2837,Intern,Male
2838,Director,Male
2839,Foreman,Male
2840,Engineer,Male
2841,Foreman,Male
2842,Laborer,Female
2843,Technician,Male
2844,Technician,Male
2845,Foreman,Female
2846,Technician,Female
2847,Laborer,Female
2848,Project Manager,Male
2849,Technician,Male
2850,Technician,Male
2851,Construction Manager,Male
2852,Laborer,Male
2853,Operator,Male
2854,Executive,Female
2855,Clerk,Female
2856,Director,Female
2857,Laborer,Male
2858,Engineer,Male
2859,Engineer,Male
2860,Laborer,Male
2861,Technician,Male
2862,Engineer,Male
2863,Coordinator,Male
2864,Technician,Male
2865,Foreman,Female
2866,Driller,Female
2867,Manager,Female
2868,Vp,Male
2869,Lineman,Male
2870,Vp,Male
2871,Project Manager,Male
2872,Operator,Male
2873,Supervisor,Male
2874,Engineer,Male
2875,Administrative,Female
2876,Warehouse Technician,Female
2877,Manager,Female
2878,Contracts,Male
2879,Vp,Male
2880,Safety Manager,Female
2881,Laborer,Male
2882,Welder,Male
2883,Operator,Male
2884,Technician,Male
2885,Groundman,Male
2886,Supervisor,Male
2887,Shop,Female
2888,Foreman,Female
2889,Engineer,Female
2890,Director,Male
2891,Laborer,Male
2892,Lineman,Male
2893,Foreman,Male
2894,Foreman,Male
2895,Top Hand,Male
2896,Laborer,Male
2897,Mechanic,Female
2898,Coordinator,Female
2899,Coordinator,Male
2900,Locator,Male
2901,Foreman,Female
2902,Laborer,Female
2903,Engineer,Male
2904,Technician,Female
2905,Warehouse,Male
2906,Technician,Male
2907,Supervisor,Male
2908,Coordinator,Male
2909,Laborer,Female
2910,Laborer,Female
2911,Administrative,Male
2912,Field Project Manager,Male
2913,Splicer,Male
2914,Laborer,Male
2915,Technician,Male
2916,Administrator,Male
2917,Technician,Male
2918,Lineman,Female
2919,Administrative,Female
2920,Technician,Male
2921,Lineman,Female
2922,Laborer,Female
2923,Technician,Female
2924,Foreman,Male
2925,Administrator,Male
2926,Driver,Male
2927,Supervisor,Male
2928,Lineman,Female
2929,Laborer,Female
2930,Supervisor,Female
2931,Technician,Male
2932,Intern,Male
2933,Laborer,Male
2934,Laborer,Male
2935,Groundman,Male
2936,Lineman,Male
2937,Supervisor,Male
2938,Lineman,Male
2939,Administrative,Female
2940,Supervisor,Female
2941,Engineer,Male
2942,Technician,Female
2943,Laborer,Female
2944,Engineer,Female
2945,Foreman,Male
2946,Technician,Male
2947,Foreman,Male
2948,Manager,Male
2949,Splicer,Female
2950,Manager,Female
2951,Foreman,Female
2952,Technician,Female
2953,Technician,Male
2954,Coordinator,Female
2955,Technician,Male
2956,Project Manager,Male
2957,Foreman,Male
2958,Administration,Male
2959,Lineman,Male
2960,Technician,Female
2961,Laborer,Female
2962,Technician,Female
2963,Driver,Male
2964,Driller,Female
2965,Driller,Female
2966,Laborer,Male
2967,Administrator,Female
2968,Technician,Female
2969,Laborer,Female
2970,Clerk,Female
2971,Splicer,Female
2972,Laborer,Female
2973,Flagger,Female
2974,Laborer,Female
2975,Engineer,Male
2976,Laborer,Male
2977,Supervisor,Male
2978,Supervisor,Male
2979,Laborer,Female
2980,Technician,Female
2981,Foreman,Female
2982,Technician,Female
2983,Lineman,Male
2984,Engineer,Female
2985,Supervisor,Male
2986,Coordinator,Female
2987,Welder,Male
2988,Lineman,Male
2989,Project Manager,Female
2990,Laborer,Female
2991,Technician,Female
2992,Laborer,Female
2993,Technician,Male
2994,Engineer,Male
2995,Technician,Male
2996,Locator,Female
2997,Operator,Female
2998,Groundman,Male
2999,Project Manager,Male
3000,Technician,Male
3001,Laborer,Male
3002,Laborer,Female
3003,Groundman,Female
3004,Laborer,Female
3005,Technician,Female
3006,Laborer,Female
3007,Technician,Female
3008,Construction Manager,Female
3009,Engineer,Male
3010,Flagger,Male
3011,Engineer,Female
3012,Manager,Female
3013,Splicer,Female
3014,Flagger,Male
3015,Clerk,Male
3016,Accounting,Male
3017,Laborer,Female
3018,Manager,Female
3019,Administrative,Female
3020,Technician,Male
3021,Administrative,Male
3022,Laborer,Male
3023,Technician,Female
3024,Supervisor,Female
3025,Technician,Female
3026,Lineman,Female
3027,Administrative,Female
3028,Engineer,Female
3029,Clerk,Female
3030,Laborer,Female
3031,Supervisor,Male
3032,Supervisor,Male
3033,Field Project Manager,Male
3034,Foreman,Female
3035,Director,Female
3036,Administrator,Female
3037,Director,Male
3038,Laborer,Male
3039,Supervisor,Female
3040,Groundman,Female
3041,Laborer,Female
3042,Engineer,Female
3043,Supervisor,Male
3044,Laborer,Male
3045,Engineer,Male
3046,Supervisor,Female
3047,Administrative,Female
3048,Apprentice,Female
3049,Laborer,Female
3050,Splicer,Female
3051,Lineman,Female
3052,Project Coordinator,Female
3053,Lineman,Female
3054,Laborer,Male
3055,Technician,Male
3056,Manager,Female
3057,Laborer,Female
3058,Coordinator,Male
3059,Coordinator,Female
3060,Coordinator,Male
3061,Foreman,Male
3062,Supervisor,Female
3063,Supervisor,Female
3064,Laborer,Female
3065,Tower Hand,Female
3066,Operator,Male
3067,Technician,Male
3068,Assistant,Male
3069,Clerk,Female
3070,Laborer,Female
3071,Lineman,Female
3072,Foreman,Female
3073,Laborer,Female
3074,Splicer,Female
3075,Engineer,Female
3076,Foreman,Male
3077,Clerk,Male
3078,Foreman,Male
3079,Engineer,Female
3080,Lineman,Female
3081,Controller,Male
3082,Manager,Female
3083,Laborer,Male
3084,Clerk,Male
3085,Operator,Female
3086,Foreman,Female
3087,Coordinator,Female
3088,Technician,Female
3089,Laborer,Female
3090,Foreman,Male
3091,Technician,Male
3092,Lineman,Female
3093,Labor,Female
3094,Engineer,Female
3095,Administrative,Female
3096,Technician,Female
3097,Administrator,Female
3098,Technician,Male
3099,Engineer,Male
3100,Laborer,Female
3101,Technician,Female
3102,Laborer,Male
3103,Supervisor,Male
3104,Technician,Female
3105,Engineer,Male
3106,Warehouse Manager,Male
3107,Operator,Female
3108,Laborer,Female
3109,Engineer,Female
3110,Apprentice,Female
3111,Technician,Female
3112,Mechanic,Male
3113,Coordinator,Female
3114,Technician,Female
3115,Supervisor,Female
3116,Lineman,Female
3117,Lineman,Female
3118,Technician,Female
3119,Laborer,Male
3120,Lineman,Female
3121,Project Manager,Female
3122,Project Manager,Female
3123,Project Manager,Male
3124,Technician,Female
3125,Laborer,Male
3126,Coordinator,Male
3127,Supervisor,Male
3128,Technician,Female
3129,Laborer,Female
3130,Manager,Female
3131,Laborer,Female
3132,Laborer,Female
3133,Coordinator,Male
3134,Engineer,Female
3135,Administrative,Female
3136,Foreman,Female
3137,Laborer,Female
3138,Laborer,Female
3139,Technician,Female
3140,Laborer,Male
3141,Foreman,Male
3142,Flagger,Female
3143,Lineman,Female
3144,Engineer,Male
3145,Driller,Male
3146,Coordinator,Female
3147,Engineer,Male
3148,Foreman,Male
3149,Laborer,Female
3150,Foreman,Female
3151,Engineer,Female
3152,Laborer,Female
3153,Technician,Female
3154,Engineer,Female
3155,Lineman,Male
3156,Lineman,Female
3157,Engineer,Female
3158,Director,Female
3159,Groundman,Female
3160,Splicer,Female
3161,Laborer,Female
3162,Manager,Male
3163,Laborer,Male
3164,Foreman,Female
3165,Laborer,Female
3166,Laborer,Female
3167,Lineman,Male
3168,Assistant,Male
3169,Lineman,Female
3170,Technician,Male
3171,Engineer,Female
3172,Mechanic,Female
3173,Engineer,Female
3174,Foreman,Female
3175,Engineer,Female
3176,Coordinator,Female
3177,Coordinator,Female
3178,Administrator,Female
3179,Lineman,Male
3180,Technician,Female
3181,Foreman,Female
3182,Technician,Female
3183,Technician,Male
3184,Tower Hand,Female
3185,Assistant,Female
3186,Supervisor,Female
3187,Project Manager,Female
3188,Laborer,Male
3189,Project Manager,Female
3190,Administration,Male
3191,Technician,Male
3192,Laborer,Female
3193,Laborer,Female
3194,Groundman,Female
3195,Technician,Female
3196,Project Manager,Female
3197,Lineman,Female
3198,Laborer,Female
3199,Engineer,Female
3200,Engineer,Male
3201,Technician,Female
3202,Engineer,Female
3203,Administrator,Female
3204,Administration,Male
3205,Lineman,Female
3206,Groundman,Male
3207,Supervisor,Female
3208,Operator,Male
3209,Technician,Male
3210,Lineman,Female
3211,Administrator,Female
3212,Foreman,Male
3213,Laborer,Male
3214,Laborer,Female
3215,Administrator,Male
3216,Engineer,Female
3217,Technician,Female
3218,Laborer,Male
3219,Administrator,Female
3220,Tower Hand,Female
3221,Foreman,Male
3222,Manager,Female
3223,Splicer,Female
3224,Manager,Female
3225,Foreman,Female
3226,Technician,Female
3227,Groundman,Female
3228,Technician,Male
3229,Program Manager,Male
3230,Laborer,Female
3231,Shop,Female
3232,Laborer,Male
3233,Engineer,Male
3234,Administration,Male
3235,Engineer,Male
3236,Cpo,Female
3237,Drafter,Male
3238,Vp,Male
3239,Operator,Male
3240,Shop,Female
3241,Administrator,Female
3242,Lineman,Male
3243,Technician,Male
3244,Mechanic,Female
3245,Laborer,Female
3246,Safety,Female
3247,Operator,Female
3248,Clerical,Female
3249,Laborer,Male
3250,Supervisor,Male
3251,Laborer,Male
3252,Mechanic,Female
3253,Technician,Female
3254,Administration,Male
3255,Runner,Male
3256,Flagger,Male
3257,Laborer,Female
3258,Foreman,Male
3259,Tower Hand,Male
3260,Splicer,Male
3261,Administrative,Male
3262,Laborer,Female
3263,Drafter,Male
3264,Engineer,Male
3265,Groundman,Female
3266,Laborer,Female
3267,Laborer,Female
3268,Driver,Female
3269,Laborer,Male
3270,Technician,Male
3271,Engineer,Male
3272,Flagger,Male
3273,Coordinator,Female
3274,Foreman,Female
3275,Foreman,Male
3276,Project Manager,Male
3277,Foreman,Female
3278,Laborer,Female
3279,Project Manager,Male
3280,Manager,Male
3281,Laborer,Male
3282,Lineman,Female
3283,Lineman,Female
3284,Technician,Male
3285,Laborer,Male
3286,Project Manager,Female
3287,Laborer,Female
3288,Foreman,Female
3289,Groundman,Female
3290,Mechanic,Male
3291,Flagger,Male
3292,Engineer,Male
3293,Technician,Female
3294,Lineman,Female
3295,Groundman,Female
3296,Foreman,Male
3297,Engineer,Male
3298,Technician,Female
3299,Supervisor,Male
3300,Technician,Male
3301,Construction Manager,Male
3302,Lineman,Female
3303,Laborer,Female
3304,Foreman,Female
3305,Coordinator,Female
3306,Laborer,Male
3307,Vp,Male
3308,Administrative,Female
3309,Assistant,Female
3310,Vp,Female
3311,Project Manager,Female
3312,Engineer,Male
3313,Assistant,Male
3314,Project Manager,Male
3315,Locator,Female
3316,Lineman,Female
3317,Specialist,Female
3318,Administrator,Male
3319,Laborer,Female
3320,Foreman,Male
3321,Technician,Male
3322,Lineman,Male
3323,Laborer,Female
3324,Splicer,Female
3325,Technician,Female
3326,Laborer,Male
3327,Technician,Female
3328,Engineer,Male
3329,Coordinator,Male
3330,Engineer,Female
3331,Technician,Female
3332,Driver,Female
3333,Administrative,Male
3334,Drafter,Male
3335,Driller,Male
3336,Coordinator,Male
3337,Project Manager,Female
3338,Laborer,Female
3339,Engineer,Male
3340,Technician,Male
3341,Splicer,Female
3342,Lineman,Male
3343,Mechanic,Male
3344,Lineman,Male
3345,Director,Male
3346,Lineman,Female
3347,Operator,Female
3348,Laborer,Female
3349,Drafter,Male
3350,Technician,Female
3351,Warehouse,Male
3352,Groundman,Male
3353,Lineman,Female
3354,Laborer,Female
3355,Technician,Female
3356,Technician,Female
3357,Director,Male
3358,Laborer,Male
3359,Laborer,Male
3360,Safety,Female
3361,Technician,Female
3362,Laborer,Female
3363,Laborer,Male
3364,Technician,Female
3365,Laborer,Male
3366,Project Manager,Male
3367,Laborer,Male
3368,Apprentice,Male
3369,Locator,Female
3370,Laborer,Female
3371,Manager,Female
3372,Manager,Female
3373,Foreman,Male
3374,Laborer,Male
3375,Program Manager,Female
3376,Technician,Female
3377,Foreman,Female
3378,Technician,Female
3379,Helpdesk,Female
3380,Technician,Male
3381,Foreman,Male
3382,Administrator,Male
3383,Splicer,Female
3384,Operator,Female
3385,Technician,Female
3386,Laborer,Female
3387,Supervisor,Male
3388,Technician,Male
3389,Laborer,Male
3390,Engineer,Female
3391,Project Manager,Female
3392,Technician,Female
3393,Flagger,Female
3394,Technician,Male
3395,Driver,Female
3396,Foreman,Female
3397,Driller,Female
3398,Technician,Female
3399,Lineman,Female
3400,Mechanic,Female
3401,Laborer,Male
3402,Engineer,Male
3403,Laborer,Female
3404,Driller,Female
3405,Engineer,Female
3406,Administration,Female
3407,Construction Manager,Female
3408,Supervisor,Male
3409,Laborer,Male
3410,Manager,Male
3411,Administrative,Female
3412,Mechanic,Female
3413,Laborer,Female
3414,Foreman,Female
3415,Driver,Male
3416,Director,Male
3417,Splicer,Female
3418,Coordinator,Female
3419,Foreman,Female
3420,Laborer,Female
3421,Foreman,Female
3422,Model Assistant,Female
3423,Engineer,Male
3424,Laborer,Male
3425,Foreman,Female
3426,Warehouse Technician,Female
